player,minutes_played,passes,completed_passes,shots,dribbles,tackles,interceptions,passes_per90,pass_accuracy,shots_per90,dribbles_per90,tackles_per90,interceptions_per90
Aaron Mooy,273,206,0,3,1,0,3,67.91208791208791,0.0,0.989010989010989,0.32967032967032966,0.0,0.989010989010989
Abdalla Mahmoud El Said Bekhit,238,147,0,2,0,0,2,55.588235294117645,0.0,0.7563025210084033,0.0,0.0,0.7563025210084033
Abdiel Arroyo Molinar,185,6,0,0,1,0,1,2.9189189189189193,0.0,0.0,0.4864864864864865,0.0,0.4864864864864865
Abdullah Ibrahim Al Maiouf,93,35,0,0,0,0,0,33.87096774193548,0.0,0.0,0.0,0.0,0.0
Abdullah Ibrahim Otayf,250,257,0,2,4,0,9,92.52000000000001,0.0,0.72,1.44,0.0,3.24
Abdullahi Shehu,89,32,0,0,1,0,1,32.359550561797754,0.0,0.0,1.0112359550561798,0.0,1.0112359550561798
Abel Enrique Aguilar Tapia,31,13,0,0,0,0,0,37.74193548387097,0.0,0.0,0.0,0.0,0.0
Achraf Hakimi Mouh,282,122,0,1,7,0,1,38.93617021276596,0.0,0.3191489361702128,2.2340425531914896,0.0,0.3191489361702128
Adem Ljajić,237,77,0,1,8,0,0,29.240506329113924,0.0,0.379746835443038,3.037974683544304,0.0,0.0
Adnan Januzaj,85,22,0,3,6,0,0,23.294117647058822,0.0,3.1764705882352944,6.352941176470589,0.0,0.0
Adolfo Abdiel Machado,91,32,0,0,0,0,2,31.64835164835165,0.0,0.0,0.0,0.0,1.978021978021978
Adrien Sebastian Perruchet Silva,253,160,0,2,1,0,1,56.916996047430835,0.0,0.7114624505928854,0.3557312252964427,0.0,0.3557312252964427
Ahmed Elsayed Ali Elsayed Hegazy,279,125,0,0,0,0,6,40.32258064516129,0.0,0.0,0.0,0.0,1.9354838709677418
Ahmed Fathy Abdel Meneim Ibrahim,278,168,0,1,1,0,5,54.38848920863309,0.0,0.3237410071942446,0.3237410071942446,0.0,1.618705035971223
Ahmed Khalil,93,7,0,0,1,0,1,6.774193548387096,0.0,0.0,0.9677419354838709,0.0,0.9677419354838709
Ahmed Musa,280,62,0,4,10,0,2,19.928571428571427,0.0,1.2857142857142856,3.2142857142857144,0.0,0.6428571428571428
Alan Dzagoev,145,21,0,2,0,0,0,13.034482758620689,0.0,1.2413793103448276,0.0,0.0,0.0
Albert Gudmundsson,91,2,0,0,0,0,0,1.978021978021978,0.0,0.0,0.0,0.0,0.0
Alberto Junior Rodríguez Valdelomar,138,56,0,2,1,0,2,36.52173913043478,0.0,1.3043478260869565,0.6521739130434783,0.0,1.3043478260869565
Albin Ekdal,428,169,0,3,11,0,8,35.53738317757009,0.0,0.6308411214953271,2.3130841121495327,0.0,1.6822429906542056
Aleksandar Kolarov,282,138,0,2,0,0,8,44.04255319148936,0.0,0.6382978723404256,0.0,0.0,2.5531914893617023
Aleksandar Mitrović,269,63,0,16,3,0,0,21.07806691449814,0.0,5.353159851301116,1.003717472118959,0.0,0.0
Aleksandar Prijović,97,3,0,0,0,0,0,2.7835051546391756,0.0,0.0,0.0,0.0,0.0
Aleksandr Erokhin,240,17,0,3,1,0,0,6.375,0.0,1.125,0.375,0.0,0.0
Aleksandr Golovin,409,135,0,4,6,0,3,29.706601466992666,0.0,0.880195599022005,1.3202933985330074,0.0,0.6601466992665037
Aleksandr Samedov,363,155,0,2,6,0,5,38.429752066115704,0.0,0.49586776859504134,1.4876033057851241,0.0,1.2396694214876034
Aleksey Miranchuk,59,20,0,0,1,0,0,30.508474576271187,0.0,0.0,1.5254237288135593,0.0,0.0
Alex Iwobi,250,24,0,4,2,0,0,8.64,0.0,1.44,0.72,0.0,0.0
Alfred John Momar N''Diaye,150,47,0,1,1,0,2,28.2,0.0,0.6,0.6,0.0,1.2
Alfreð Finnbogason,267,51,0,6,2,0,2,17.191011235955056,0.0,2.0224719101123596,0.6741573033707865,0.0,0.6741573033707865
Ali Albulayhi,93,42,0,0,0,0,3,40.64516129032258,0.0,0.0,0.0,0.0,2.9032258064516125
Ali Gabr,273,82,0,1,0,0,1,27.032967032967033,0.0,0.32967032967032966,0.0,0.0,0.32967032967032966
Ali Maâloul,179,112,0,0,1,0,1,56.31284916201117,0.0,0.0,0.5027932960893855,0.0,0.5027932960893855
Alireza Jahanbakhsh,246,49,0,2,6,0,2,17.926829268292682,0.0,0.7317073170731707,2.1951219512195124,0.0,0.7317073170731707
Alireza Safar Beiranvand,268,61,0,0,0,0,0,20.48507462686567,0.0,0.0,0.0,0.0,0.0
Alisson Ramsés Becker,452,67,0,0,0,0,0,13.340707964601771,0.0,0.0,0.0,0.0,0.0
Amine Harit,81,30,0,3,13,0,0,33.333333333333336,0.0,3.333333333333333,14.444444444444445,0.0,0.0
Amr Medhat Warda,267,67,0,2,3,0,4,22.584269662921347,0.0,0.6741573033707865,1.0112359550561798,0.0,1.348314606741573
Anderson Santamaría Bardales,186,74,0,0,1,0,0,35.806451612903224,0.0,0.0,0.48387096774193544,0.0,0.0
Andreas Christensen,309,166,0,0,1,0,6,48.3495145631068,0.0,0.0,0.29126213592233013,0.0,1.7475728155339807
Andreas Evald Cornelius,231,35,0,1,4,0,0,13.636363636363635,0.0,0.3896103896103896,1.5584415584415583,0.0,0.0
Andreas Granqvist,459,171,0,6,2,0,4,33.529411764705884,0.0,1.1764705882352942,0.3921568627450981,0.0,0.7843137254901962
Andrej Kramarić,666,143,0,12,10,0,2,19.324324324324323,0.0,1.6216216216216215,1.3513513513513513,0.0,0.27027027027027023
Andrew Nabbout,137,20,0,0,2,0,0,13.138686131386862,0.0,0.0,1.3138686131386863,0.0,0.0
Andrija Živković,91,13,0,1,0,0,0,12.857142857142858,0.0,0.989010989010989,0.0,0.0,0.0
André Martín Carrillo Díaz,263,106,0,3,18,0,2,36.27376425855513,0.0,1.0266159695817492,6.159695817490495,0.0,0.6844106463878328
André Miguel Valente Silva,282,31,0,2,3,0,0,9.893617021276595,0.0,0.6382978723404256,0.9574468085106383,0.0,0.0
Andrés Iniesta Luján,348,285,0,6,11,0,2,73.70689655172414,0.0,1.5517241379310345,2.8448275862068964,0.0,0.5172413793103449
Andrés Mateus Uribe Villa,301,88,0,3,4,0,2,26.312292358803987,0.0,0.8970099667774086,1.196013289036545,0.0,0.5980066445182725
Anga Dedryck Boyata,276,192,0,1,0,0,5,62.60869565217391,0.0,0.32608695652173914,0.0,0.0,1.6304347826086956
Anice Badri,275,81,0,3,6,0,3,26.50909090909091,0.0,0.9818181818181819,1.9636363636363638,0.0,0.9818181818181819
Ante Rebić,539,132,0,15,22,0,7,22.040816326530614,0.0,2.504638218923933,3.673469387755102,0.0,1.1688311688311688
Antoine Griezmann,576,248,0,21,14,0,2,38.75,0.0,3.28125,2.1875,0.0,0.3125
Antonio Rukavina,182,45,0,0,0,0,1,22.252747252747252,0.0,0.0,0.0,0.0,0.4945054945054945
Antonio Rüdiger,92,86,0,0,0,0,0,84.1304347826087,0.0,0.0,0.0,0.0,0.0
Aníbal Cesis Godoy,247,106,0,2,4,0,6,38.62348178137652,0.0,0.728744939271255,1.45748987854251,0.0,2.1862348178137654
Ari Freyr Skúlason,189,7,0,0,1,0,0,3.333333333333333,0.0,0.0,0.47619047619047616,0.0,0.0
Arkadiusz Milik,72,23,0,1,0,0,1,28.75,0.0,1.25,0.0,0.0,1.25
Armando Enrique Cooper Whitaker,186,74,0,1,8,0,4,35.806451612903224,0.0,0.48387096774193544,3.8709677419354835,0.0,1.9354838709677418
Arnór Ingvi Traustason,92,2,0,0,0,0,0,1.956521739130435,0.0,0.0,0.0,0.0,0.0
Aron Einar Gunnarsson,254,89,0,2,3,0,3,31.53543307086614,0.0,0.7086614173228346,1.0629921259842519,0.0,1.0629921259842519
Artem Dzyuba,403,108,0,8,8,0,1,24.11910669975186,0.0,1.7866004962779156,1.7866004962779156,0.0,0.22332506203473945
Artur Jędrzejczyk,87,53,0,1,1,0,0,54.82758620689655,0.0,1.0344827586206897,1.0344827586206897,0.0,0.0
Ashley Young,469,244,0,2,3,0,1,46.82302771855011,0.0,0.3837953091684435,0.5756929637526652,0.0,0.19189765458422176
Axel Witsel,551,325,0,6,4,0,4,53.08529945553539,0.0,0.9800362976406535,0.6533575317604357,0.0,0.6533575317604357
Aymen Mathlouthi,97,29,0,0,0,0,0,26.90721649484536,0.0,0.0,0.0,0.0,0.0
Ayoub El Kaabi,169,12,0,1,2,0,0,6.390532544378698,0.0,0.5325443786982249,1.0650887573964498,0.0,0.0
Aziz Bouhaddouz,189,3,0,0,0,0,0,1.4285714285714286,0.0,0.0,0.0,0.0,0.0
Aziz Eraltay Behich,279,180,0,2,6,0,2,58.064516129032256,0.0,0.6451612903225806,1.9354838709677418,0.0,0.6451612903225806
Bamidele Alli,449,158,0,6,6,0,3,31.670378619153674,0.0,1.2026726057906458,1.2026726057906458,0.0,0.6013363028953229
Bartosz Bereszyński,252,78,0,1,3,0,3,27.857142857142858,0.0,0.35714285714285715,1.0714285714285714,0.0,1.0714285714285714
Bassem Srarfi,93,0,0,0,0,0,0,0.0,0.0,0.0,0.0,0.0,0.0
Benjamin Mendy,92,35,0,0,0,0,0,34.23913043478261,0.0,0.0,0.0,0.0,0.0
Benjamin Pavard,555,320,0,4,1,0,9,51.89189189189189,0.0,0.6486486486486486,0.16216216216216214,0.0,1.4594594594594594
Bernardo Mota Veiga de Carvalho e Silva,316,132,0,2,10,0,4,37.59493670886076,0.0,0.569620253164557,2.848101265822785,0.0,1.139240506329114
Birkir Bjarnason,273,64,0,7,2,0,5,21.0989010989011,0.0,2.307692307692308,0.6593406593406593,0.0,1.6483516483516485
Birkir Már Sævarsson,280,78,0,0,2,0,7,25.07142857142857,0.0,0.0,0.6428571428571428,0.0,2.25
Björn Bergmann Sigurðarson,281,15,0,0,1,0,0,4.804270462633452,0.0,0.0,0.3202846975088968,0.0,0.0
Blaise Matuidi,418,122,0,5,2,0,7,26.267942583732054,0.0,1.076555023923445,0.43062200956937796,0.0,1.507177033492823
Blas Antonio Miguel Pérez Ortega,166,35,0,1,2,0,0,18.97590361445783,0.0,0.5421686746987951,1.0843373493975903,0.0,0.0
Blerim Džemaili,328,92,0,9,5,0,4,25.243902439024392,0.0,2.4695121951219514,1.3719512195121952,0.0,1.0975609756097562
Branislav Ivanović,191,102,0,0,2,0,3,48.06282722513089,0.0,0.0,0.9424083769633508,0.0,1.4136125654450262
Breel-Donald Embolo,374,42,0,4,9,0,2,10.106951871657753,0.0,0.9625668449197861,2.1657754010695185,0.0,0.48128342245989303
Brian Oladapo Idowu,232,95,0,0,1,0,3,36.853448275862064,0.0,0.0,0.3879310344827586,0.0,1.1637931034482758
Bruno Miguel Borges Fernandes,161,34,0,3,0,0,3,19.00621118012422,0.0,1.6770186335403725,0.0,0.0,1.6770186335403725
Bryan Oviedo,190,64,0,3,0,0,5,30.31578947368421,0.0,1.4210526315789473,0.0,0.0,2.3684210526315788
Bryan Ruiz González,283,122,0,2,11,0,5,38.79858657243816,0.0,0.6360424028268551,3.498233215547703,0.0,1.5901060070671378
Carlos Alberto Sánchez Moreno,171,76,0,0,0,0,0,40.0,0.0,0.0,0.0,0.0,0.0
Carlos Alberto Vela Garrido,322,122,0,10,17,0,1,34.099378881987576,0.0,2.795031055900621,4.751552795031055,0.0,0.2795031055900621
Carlos Andrés Sánchez Arcosa,266,75,0,2,1,0,1,25.375939849624057,0.0,0.6766917293233082,0.3383458646616541,0.0,0.3383458646616541
Carlos Arturo Bacca Ahumada,314,29,0,3,1,0,0,8.312101910828025,0.0,0.8598726114649682,0.28662420382165604,0.0,0.0
Carlos Henrique Casimiro,344,258,0,4,5,0,5,67.5,0.0,1.0465116279069766,1.3081395348837208,0.0,1.3081395348837208
Carlos Joel Salcedo Hernández,369,226,0,5,2,0,3,55.1219512195122,0.0,1.2195121951219514,0.48780487804878053,0.0,0.7317073170731708
Celso Borges Mora,269,125,0,5,3,0,1,41.82156133828996,0.0,1.6728624535315986,1.003717472118959,0.0,0.3345724907063197
Cheikh N''Doye,185,16,0,1,1,0,1,7.783783783783784,0.0,0.4864864864864865,0.4864864864864865,0.0,0.4864864864864865
Cheikhou Kouyaté,276,42,0,0,2,0,1,13.695652173913043,0.0,0.0,0.6521739130434783,0.0,0.32608695652173914
Christian Alberto Cueva Bravo,268,138,0,2,4,0,2,46.34328358208955,0.0,0.6716417910447761,1.3432835820895521,0.0,0.6716417910447761
Christian Bolaños Navarro,188,35,0,0,2,0,0,16.75531914893617,0.0,0.0,0.9574468085106382,0.0,0.0
Christian Dannemann Eriksen,397,184,0,12,8,0,4,41.71284634760705,0.0,2.720403022670025,1.81360201511335,0.0,0.906801007556675
Christian Guillermo Martín Ramos Garagay,275,119,0,0,2,0,3,38.945454545454545,0.0,0.0,0.6545454545454545,0.0,0.9818181818181819
Christopher Paolo César Hurtado Huertas,93,19,0,0,1,0,0,18.387096774193548,0.0,0.0,0.9677419354838709,0.0,0.0
Chul Hong,179,36,0,0,2,0,2,18.100558659217878,0.0,0.0,1.005586592178771,0.0,1.005586592178771
Corentin Tolisso,435,135,0,2,3,0,5,27.931034482758623,0.0,0.4137931034482759,0.6206896551724138,0.0,1.0344827586206897
Cristhian Ricardo Stuani Curbelo,151,19,0,1,0,0,1,11.324503311258278,0.0,0.5960264900662251,0.0,0.0,0.5960264900662251
Cristian David Pavón,348,72,0,1,6,0,0,18.620689655172413,0.0,0.25862068965517243,1.5517241379310345,0.0,0.0
Cristian Eduardo Zapata Valencia,116,1,0,0,0,0,0,0.7758620689655172,0.0,0.0,0.0,0.0,0.0
Cristian Gabriel Rodríguez Barrotti,431,82,0,4,2,0,3,17.122969837587007,0.0,0.8352668213457077,0.41763341067285387,0.0,0.6264501160092808
Cristian Gamboa Luna,261,98,0,3,2,0,2,33.793103448275865,0.0,1.0344827586206897,0.6896551724137931,0.0,0.6896551724137931
Cristiano Ronaldo dos Santos Aveiro,376,113,0,22,14,0,0,27.04787234042553,0.0,5.26595744680851,3.351063829787234,0.0,0.0
Cédric Ricardo Alves Soares,275,161,0,0,2,0,1,52.690909090909095,0.0,0.0,0.6545454545454545,0.0,0.32727272727272727
Daler Kuzyaev,502,96,0,3,4,0,3,17.21115537848606,0.0,0.5378486055776893,0.7171314741035857,0.0,0.5378486055776893
Daniel Arzani,280,23,0,2,3,0,0,7.392857142857142,0.0,0.6428571428571428,0.9642857142857143,0.0,0.0
Daniel Carvajal Ramos,307,181,0,2,6,0,1,53.06188925081433,0.0,0.5863192182410424,1.7589576547231272,0.0,0.2931596091205212
Daniel Colindres Solera,171,34,0,3,2,0,1,17.894736842105264,0.0,1.5789473684210527,1.0526315789473684,0.0,0.5263157894736842
Daniel Nii Tackie Mensah Welbeck,92,1,0,2,0,0,0,0.9782608695652175,0.0,1.956521739130435,0.0,0.0,0.0
Danijel Subašić,646,170,0,0,0,0,0,23.684210526315788,0.0,0.0,0.0,0.0,0.0
Danilo Luiz da Silva,92,57,0,0,1,0,0,55.7608695652174,0.0,0.0,0.9782608695652175,0.0,0.0
Danny Rose,468,106,0,1,7,0,2,20.384615384615383,0.0,0.1923076923076923,1.346153846153846,0.0,0.3846153846153846
David Alberto Guzmán Pérez,244,123,0,1,1,0,3,45.36885245901639,0.0,0.3688524590163934,0.3688524590163934,0.0,1.1065573770491803
David Josué Jiménez Silva,327,213,0,10,7,0,3,58.62385321100918,0.0,2.7522935779816513,1.926605504587156,0.0,0.8256880733944955
David Ospina Ramírez,400,97,0,0,0,0,0,21.825,0.0,0.0,0.0,0.0,0.0
David de Gea Quintana,390,67,0,0,0,0,0,15.461538461538463,0.0,0.0,0.0,0.0,0.0
Davinson Sánchez Mina,398,209,0,2,0,0,7,47.26130653266331,0.0,0.4522613065326633,0.0,0.0,1.5829145728643215
Dawid Kownacki,149,26,0,2,2,0,0,15.704697986577182,0.0,1.2080536912751678,1.2080536912751678,0.0,0.0
Dejan Lovren,730,372,0,6,0,0,2,45.86301369863014,0.0,0.7397260273972603,0.0,0.0,0.24657534246575344
Denis Cheryshev,392,92,0,14,7,0,3,21.122448979591837,0.0,3.2142857142857144,1.6071428571428572,0.0,0.6887755102040817
Denis Lemi Zakaria Lako Lado,185,26,0,0,0,0,1,12.64864864864865,0.0,0.0,0.0,0.0,0.4864864864864865
Diafra Sakho,93,2,0,0,0,0,0,1.9354838709677418,0.0,0.0,0.0,0.0,0.0
Diego Roberto Godín Leal,461,224,0,3,3,0,11,43.73101952277658,0.0,0.5856832971800434,0.5856832971800434,0.0,2.1475054229934925
Diego Sebastián Laxalt Suárez,374,123,0,1,2,0,6,29.59893048128342,0.0,0.24064171122994651,0.48128342245989303,0.0,1.443850267379679
Diego da Silva Costa,315,64,0,11,5,0,0,18.285714285714285,0.0,3.142857142857143,1.4285714285714286,0.0,0.0
Djibril Sidibé,92,99,0,0,0,0,0,96.84782608695653,0.0,0.0,0.0,0.0,0.0
Domagoj Vida,648,317,0,4,0,0,8,44.02777777777778,0.0,0.5555555555555556,0.0,0.0,1.1111111111111112
Douglas Costa de Souza,189,52,0,4,8,0,1,24.76190476190476,0.0,1.9047619047619047,3.8095238095238093,0.0,0.47619047619047616
Dries Mertens,504,133,0,6,1,0,4,23.75,0.0,1.0714285714285714,0.17857142857142858,0.0,0.7142857142857143
Duje Ćaleta-Car,93,34,0,0,1,0,0,32.90322580645161,0.0,0.0,0.9677419354838709,0.0,0.0
Dušan Tadić,264,87,0,3,9,0,2,29.65909090909091,0.0,1.0227272727272727,3.0681818181818183,0.0,0.6818181818181819
Duško Tošić,190,87,0,0,1,0,3,41.21052631578947,0.0,0.0,0.47368421052631576,0.0,1.4210526315789473
Dylan Daniel Mahmoud Bronn,115,53,0,1,0,0,1,41.47826086956522,0.0,0.782608695652174,0.0,0.0,0.782608695652174
Eden Hazard,526,271,0,18,42,0,6,46.36882129277567,0.0,3.0798479087452475,7.186311787072244,0.0,1.0266159695817492
Edgar Yoel Bárcenas Herrera,225,64,0,6,8,0,3,25.6,0.0,2.4,3.2,0.0,1.2
Edinson Roberto Cavani Gómez,351,83,0,16,11,0,2,21.28205128205128,0.0,4.102564102564103,2.8205128205128207,0.0,0.5128205128205129
Edson Omar Álvarez Velázquez,332,169,0,1,8,0,4,45.81325301204819,0.0,0.2710843373493976,2.1686746987951806,0.0,1.0843373493975903
Eduardo Antonio Salvio,147,105,0,1,5,0,1,64.28571428571429,0.0,0.6122448979591837,3.061224489795918,0.0,0.6122448979591837
Ehsan Hajsafi,217,76,0,2,4,0,1,31.520737327188943,0.0,0.8294930875576038,1.6589861751152075,0.0,0.4147465437788019
Eiji Kawashima,362,89,0,0,0,0,0,22.12707182320442,0.0,0.0,0.0,0.0,0.0
Ellyes Joris Skhiri,274,166,0,0,4,0,4,54.52554744525548,0.0,0.0,1.3138686131386863,0.0,1.3138686131386863
Emil Hallfreðsson,183,61,0,1,7,0,4,30.0,0.0,0.49180327868852464,3.4426229508196724,0.0,1.9672131147540985
Emil Krafth,176,57,0,0,3,0,0,29.147727272727273,0.0,0.0,1.5340909090909092,0.0,0.0
Emil Peter Forsberg,410,104,0,15,10,0,6,22.82926829268293,0.0,3.2926829268292686,2.1951219512195124,0.0,1.3170731707317074
Enzo Nicolás Pérez,192,114,0,1,1,0,1,53.4375,0.0,0.46875,0.46875,0.0,0.46875
Eric Dier,526,194,0,6,3,0,1,33.19391634980989,0.0,1.0266159695817492,0.5133079847908746,0.0,0.1711026615969582
Erick Javier Davis Grajales,186,113,0,0,0,0,3,54.677419354838705,0.0,0.0,0.0,0.0,1.4516129032258063
Essam Kamal Tawfik El Hadary,94,19,0,0,0,0,0,18.191489361702125,0.0,0.0,0.0,0.0,0.0
Fabian Delph,370,152,0,3,8,0,3,36.972972972972975,0.0,0.7297297297297298,1.945945945945946,0.0,0.7297297297297298
Fabian Lukas Schär,277,215,0,1,0,0,5,69.85559566787003,0.0,0.3249097472924188,0.0,0.0,1.6245487364620939
Fahad Mosaed Al Muwallad Al Harbi,245,22,0,2,5,0,1,8.081632653061224,0.0,0.7346938775510203,1.836734693877551,0.0,0.36734693877551017
Fakhreddine Ben Youssef,275,95,0,7,0,0,3,31.090909090909093,0.0,2.290909090909091,0.0,0.0,0.9818181818181819
Farouk Ben Mustapha,181,47,0,0,0,0,0,23.370165745856355,0.0,0.0,0.0,0.0,0.0
Faustino Marcos Alberto Rojo,229,162,0,2,1,0,8,63.66812227074236,0.0,0.7860262008733625,0.39301310043668125,0.0,3.14410480349345
Fayçal Fajr,188,22,0,0,1,0,0,10.53191489361702,0.0,0.0,0.4787234042553191,0.0,0.0
Federico Julián Fazio,92,27,0,0,0,0,0,26.41304347826087,0.0,0.0,0.0,0.0,0.0
Fedor Kudryashov,416,109,0,0,0,0,1,23.58173076923077,0.0,0.0,0.0,0.0,0.21634615384615385
Felipe Abdiel Baloy Ramírez,93,16,0,1,0,0,0,15.483870967741934,0.0,0.9677419354838709,0.0,0.0,0.0
Ferjani Sassi,198,153,0,5,1,0,2,69.54545454545455,0.0,2.2727272727272725,0.45454545454545453,0.0,0.9090909090909091
Fernando Luiz Rosa,469,125,0,3,1,0,5,23.98720682302772,0.0,0.5756929637526652,0.19189765458422176,0.0,0.9594882729211087
Fidel Escobar Mendieta,279,86,0,1,0,0,1,27.741935483870968,0.0,0.3225806451612903,0.0,0.0,0.3225806451612903
Filip Bradarić,94,11,0,0,0,0,0,10.53191489361702,0.0,0.0,0.0,0.0,0.0
Filip Kostić,241,49,0,4,5,0,1,18.298755186721994,0.0,1.4937759336099585,1.8672199170124482,0.0,0.37344398340248963
Filipe Luís Kasmirski,186,129,0,1,2,0,2,62.41935483870967,0.0,0.48387096774193544,0.9677419354838709,0.0,0.9677419354838709
Florian Thauvin,91,1,0,0,0,0,0,0.989010989010989,0.0,0.0,0.0,0.0,0.0
Francis Odinaka Uzoho,278,57,0,0,0,0,0,18.453237410071942,0.0,0.0,0.0,0.0,0.0
Francisco Guillermo Ochoa Magaña,375,89,0,0,0,0,0,21.36,0.0,0.0,0.0,0.0,0.0
Francisco Javier Calvo Quesada,187,55,0,1,3,0,2,26.470588235294116,0.0,0.48128342245989303,1.443850267379679,0.0,0.9625668449197861
Francisco Román Alarcón Suárez,404,475,0,10,41,0,1,105.81683168316832,0.0,2.227722772277228,9.133663366336634,0.0,0.22277227722772278
Franco Armani,188,41,0,0,0,0,0,19.627659574468083,0.0,0.0,0.0,0.0,0.0
Fyodor Smolov,497,72,0,4,9,0,0,13.038229376257545,0.0,0.7243460764587525,1.6297786720321932,0.0,0.0
Fágner Conserva Lemos,372,228,0,0,3,0,3,55.16129032258064,0.0,0.0,0.7258064516129031,0.0,0.7258064516129031
Gabriel Arturo Torres Tejada,138,15,0,1,1,0,0,9.782608695652174,0.0,0.6521739130434783,0.6521739130434783,0.0,0.0
Gabriel Enrique Gómez Girón,252,117,0,0,1,0,2,41.78571428571429,0.0,0.0,0.35714285714285715,0.0,0.7142857142857143
Gabriel Fernando de Jesus,413,95,0,10,17,0,6,20.70217917675545,0.0,2.179176755447942,3.7046004842615017,0.0,1.3075060532687652
Gabriel Iván Mercado,272,185,0,1,1,0,4,61.21323529411765,0.0,0.33088235294117646,0.33088235294117646,0.0,1.3235294117647058
Gaku Shibasaki,343,245,0,1,3,0,7,64.28571428571429,0.0,0.2623906705539359,0.7871720116618076,0.0,1.836734693877551
Gary Cahill,92,44,0,0,0,0,0,43.04347826086957,0.0,0.0,0.0,0.0,0.0
Gelson Dany Batalha Martins,94,9,0,0,3,0,0,8.617021276595745,0.0,0.0,2.872340425531915,0.0,0.0
Gen Shōji,277,179,0,1,2,0,2,58.158844765342955,0.0,0.3249097472924188,0.6498194945848376,0.0,0.6498194945848376
Genki Haraguchi,247,86,0,3,3,0,4,31.336032388663966,0.0,1.0931174089068827,1.0931174089068827,0.0,1.45748987854251
Gerard Piqué Bernabéu,396,354,0,9,0,0,2,80.45454545454545,0.0,2.0454545454545454,0.0,0.0,0.45454545454545453
Ghilane Chalali,92,79,0,1,0,0,2,77.28260869565219,0.0,0.9782608695652175,0.0,0.0,1.956521739130435
Giancarlo González Castro,284,90,0,2,1,0,2,28.52112676056338,0.0,0.6338028169014085,0.31690140845070425,0.0,0.6338028169014085
Giorgian Daniel De Arrascaeta Benedetti,152,46,0,1,1,0,0,27.236842105263158,0.0,0.5921052631578947,0.5921052631578947,0.0,0.0
Giovani dos Santos Ramírez,94,3,0,0,0,0,1,2.872340425531915,0.0,0.0,0.0,0.0,0.9574468085106382
Gonzalo Gerardo Higuaín,278,37,0,3,1,0,0,11.97841726618705,0.0,0.9712230215827338,0.3237410071942446,0.0,0.0
Gonçalo Manuel Ganchinho Guedes,342,62,0,6,2,0,0,16.315789473684212,0.0,1.5789473684210527,0.5263157894736842,0.0,0.0
Gotoku Sakai,86,17,0,1,0,0,0,17.790697674418603,0.0,1.0465116279069766,0.0,0.0,0.0
Granit Xhaka,370,346,0,4,3,0,3,84.16216216216218,0.0,0.972972972972973,0.7297297297297298,0.0,0.7297297297297298
Grzegorz Krychowiak,275,180,0,2,1,0,5,58.909090909090914,0.0,0.6545454545454545,0.32727272727272727,0.0,1.6363636363636365
Guillermo Varela Olivera,183,114,0,0,1,0,0,56.06557377049181,0.0,0.0,0.49180327868852464,0.0,0.0
Gustav Svensson,267,27,0,0,0,0,0,9.101123595505618,0.0,0.0,0.0,0.0,0.0
Gylfi Þór Sigurðsson,280,109,0,10,12,0,5,35.035714285714285,0.0,3.2142857142857144,3.857142857142857,0.0,1.6071428571428572
Hakim Ziyech,273,130,0,9,17,0,7,42.85714285714286,0.0,2.967032967032967,5.604395604395605,0.0,2.307692307692308
Hamdi Nagguez,182,101,0,1,5,0,3,49.94505494505495,0.0,0.4945054945054945,2.4725274725274726,0.0,1.4835164835164836
Hannes Þór Halldórsson,281,68,0,0,0,0,0,21.77935943060498,0.0,0.0,0.0,0.0,0.0
Haris Seferović,216,20,0,1,1,0,1,8.333333333333334,0.0,0.4166666666666667,0.4166666666666667,0.0,0.4166666666666667
Harold Oshkaly Cummings Segura,91,16,0,0,0,0,1,15.824175824175825,0.0,0.0,0.0,0.0,0.989010989010989
Harry Kane,585,148,0,15,5,0,2,22.76923076923077,0.0,2.3076923076923075,0.7692307692307693,0.0,0.3076923076923077
Harry Maguire,702,434,0,11,5,0,6,55.64102564102564,0.0,1.4102564102564104,0.6410256410256411,0.0,0.7692307692307693
Hattan Babhir,226,69,0,6,6,0,2,27.477876106194692,0.0,2.3893805309734515,2.3893805309734515,0.0,0.7964601769911505
Hee-Chan Hwang,266,34,0,2,11,0,3,11.50375939849624,0.0,0.6766917293233082,3.7218045112781954,0.0,1.0150375939849623
Henrik Dalsgaard,394,197,0,1,1,0,7,44.99999999999999,0.0,0.22842639593908629,0.22842639593908629,0.0,1.5989847715736039
Heung-Min Son,283,79,0,14,17,0,1,25.12367491166078,0.0,4.4522968197879855,5.406360424028269,0.0,0.31802120141342755
Hiroki Sakai,358,193,0,2,4,0,4,48.5195530726257,0.0,0.5027932960893855,1.005586592178771,0.0,1.005586592178771
Hirving Rodrigo Lozano Bahena,322,90,0,12,24,0,8,25.15527950310559,0.0,3.354037267080745,6.70807453416149,0.0,2.2360248447204967
Hotaru Yamaguchi,277,99,0,0,0,0,0,32.166064981949454,0.0,0.0,0.0,0.0,0.0
Hugo Ayala Castro,179,69,0,1,0,0,3,34.6927374301676,0.0,0.5027932960893855,0.0,0.0,1.5083798882681565
Hugo Lloris,553,138,0,0,1,0,0,22.459312839059674,0.0,0.0,0.162748643761302,0.0,0.0
Hussain Al Mogahwi,185,107,0,4,2,0,1,52.054054054054056,0.0,1.945945945945946,0.972972972972973,0.0,0.4864864864864865
Hyeon-Woo Jo,271,63,0,0,0,0,0,20.922509225092252,0.0,0.0,0.0,0.0,0.0
Hyun-Soo Jang,282,95,0,0,1,0,0,30.319148936170212,0.0,0.0,0.3191489361702128,0.0,0.0
Héctor Alfredo Moreno Herrera,269,146,0,2,0,0,2,48.847583643122675,0.0,0.6691449814126395,0.0,0.0,0.6691449814126395
Héctor Miguel Herrera López,374,215,0,5,20,0,4,51.7379679144385,0.0,1.2032085561497325,4.81283422459893,0.0,0.9625668449197861
Hörður Björgvin Magnússon,278,96,0,2,2,0,3,31.07913669064748,0.0,0.6474820143884892,0.6474820143884892,0.0,0.9712230215827338
Iago Aspas Juncal,314,28,0,5,0,0,0,8.025477707006369,0.0,1.4331210191082802,0.0,0.0,0.0
Ian Rey Smith Quiros,94,1,0,0,0,0,0,0.9574468085106382,0.0,0.0,0.0,0.0,0.0
Idrissa Gana Gueye,280,145,0,2,1,0,3,46.607142857142854,0.0,0.6428571428571428,0.3214285714285714,0.0,0.9642857142857143
Igor Akinfeev,528,114,0,0,0,0,0,19.431818181818183,0.0,0.0,0.0,0.0,0.0
Igor Smolnikov,35,12,0,0,0,0,0,30.857142857142858,0.0,0.0,0.0,0.0,0.0
Ilya Kutepov,499,165,0,1,0,0,10,29.759519038076153,0.0,0.18036072144288579,0.0,0.0,1.8036072144288577
Isaac Kiese Thelin,372,17,0,0,0,0,0,4.112903225806451,0.0,0.0,0.0,0.0,0.0
Ismael Díaz De León,93,5,0,0,2,0,2,4.838709677419354,0.0,0.0,1.9354838709677418,0.0,1.9354838709677418
Ismaïla Sarr,277,71,0,3,9,0,1,23.06859205776173,0.0,0.9747292418772563,2.9241877256317688,0.0,0.3249097472924188
Ivan Perišić,642,209,0,24,6,0,5,29.299065420560748,0.0,3.364485981308411,0.8411214953271028,0.0,0.7009345794392523
Ivan Rakitić,747,426,0,17,10,0,2,51.325301204819276,0.0,2.048192771084337,1.2048192771084336,0.0,0.24096385542168672
Ivan Strinić,512,298,0,0,9,0,4,52.3828125,0.0,0.0,1.58203125,0.0,0.703125
Ja-Cheol Koo,127,24,0,1,0,0,0,17.00787401574803,0.0,0.7086614173228346,0.0,0.0,0.0
Jacek Góralski,182,67,0,1,2,0,3,33.13186813186813,0.0,0.4945054945054945,0.989010989010989,0.0,1.4835164835164836
Jackson Irvine,279,15,0,0,0,0,2,4.838709677419355,0.0,0.0,0.0,0.0,0.6451612903225806
Jae-Sung Lee,283,114,0,5,7,0,3,36.254416961130744,0.0,1.5901060070671378,2.2261484098939928,0.0,0.9540636042402827
Jaime Manuel Penedo Cano,275,57,0,0,0,0,0,18.654545454545456,0.0,0.0,0.0,0.0,0.0
Jakub Błaszczykowski,46,10,0,0,2,0,0,19.565217391304348,0.0,0.0,3.91304347826087,0.0,0.0
James David Rodríguez Rubio,220,104,0,3,12,0,0,42.54545454545454,0.0,1.227272727272727,4.909090909090908,0.0,0.0
Jamie Vardy,422,23,0,3,1,0,0,4.90521327014218,0.0,0.6398104265402843,0.21327014218009477,0.0,0.0
Jan Bednarek,274,170,0,1,1,0,5,55.839416058394164,0.0,0.3284671532846716,0.3284671532846716,0.0,1.6423357664233578
Jan Vertonghen,548,352,0,2,2,0,5,57.81021897810219,0.0,0.3284671532846716,0.3284671532846716,0.0,0.8211678832116789
Javier Alejandro Mascherano,374,348,0,1,3,0,6,83.74331550802138,0.0,0.24064171122994651,0.7219251336898395,0.0,1.443850267379679
Javier Hernández Balcázar,336,67,0,6,10,0,2,17.94642857142857,0.0,1.6071428571428572,2.6785714285714284,0.0,0.5357142857142857
Jefferson Agustín Farfán Guadalupe,175,33,0,4,2,0,0,16.97142857142857,0.0,2.0571428571428574,1.0285714285714287,0.0,0.0
Jefferson Andrés Lerma Solís,342,90,0,2,1,0,3,23.68421052631579,0.0,0.5263157894736842,0.2631578947368421,0.0,0.7894736842105263
Jens Stryger Larsen,273,104,0,2,2,0,6,34.285714285714285,0.0,0.6593406593406593,0.6593406593406593,0.0,1.978021978021978
Jesse Lingard,582,228,0,16,11,0,1,35.25773195876289,0.0,2.4742268041237114,1.7010309278350515,0.0,0.15463917525773196
Jesús Daniel Gallardo Vasconcelos,344,180,0,1,7,0,8,47.093023255813954,0.0,0.26162790697674415,1.8313953488372092,0.0,2.093023255813953
Jesús Manuel Corona Ruíz,187,24,0,0,3,0,1,11.550802139037431,0.0,0.0,1.443850267379679,0.0,0.48128342245989303
Jimmy Durmaz,94,4,0,0,2,0,0,3.829787234042553,0.0,0.0,1.9148936170212765,0.0,0.0
Joel Nathaniel Campbell Samuels,191,36,0,3,11,0,0,16.963350785340314,0.0,1.4136125654450262,5.183246073298429,0.0,0.0
Johan Alberto Venegas Ulloa,156,45,0,0,4,0,0,25.96153846153846,0.0,0.0,2.3076923076923075,0.0,0.0
Johan Andrés Mojica Palacio,401,218,0,1,18,0,4,48.927680798004985,0.0,0.22443890274314213,4.039900249376559,0.0,0.8977556109725685
Johan Danon Djourou-Gbadjere,92,66,0,0,0,0,1,64.56521739130436,0.0,0.0,0.0,0.0,0.9782608695652175
Johann Berg Guðmunds­son,155,51,0,3,3,0,6,29.61290322580645,0.0,1.7419354838709677,1.7419354838709677,0.0,3.4838709677419355
John Guidetti,185,7,0,1,1,0,0,3.4054054054054057,0.0,0.4864864864864865,0.4864864864864865,0.0,0.0
John Michael Nchekwube Obinna,276,155,0,0,5,0,3,50.54347826086956,0.0,0.0,1.6304347826086956,0.0,0.9782608695652173
John Stones,652,479,0,6,0,0,5,66.11963190184049,0.0,0.8282208588957055,0.0,0.0,0.6901840490797546
Johnny Acosta Zamora,273,80,0,0,1,0,1,26.373626373626376,0.0,0.0,0.32967032967032966,0.0,0.32967032967032966
Jonas Hector,163,107,0,2,2,0,2,59.079754601226995,0.0,1.1042944785276074,1.1042944785276074,0.0,1.1042944785276074
Jonas Knudsen,117,52,0,0,1,0,0,40.0,0.0,0.0,0.7692307692307692,0.0,0.0
Jonathan Matías Urretaviscaya da Luz,94,18,0,0,2,0,0,17.23404255319149,0.0,0.0,1.9148936170212765,0.0,0.0
Jonathan dos Santos Ramírez,95,23,0,0,1,0,0,21.789473684210527,0.0,0.0,0.9473684210526315,0.0,0.0
Joo-Ho Park,27,10,0,0,1,0,0,33.333333333333336,0.0,0.0,3.3333333333333335,0.0,0.0
Jordan Brian Henderson,488,302,0,5,1,0,3,55.69672131147541,0.0,0.9221311475409836,0.1844262295081967,0.0,0.5532786885245902
Jordan Pickford,713,226,0,0,0,0,0,28.5273492286115,0.0,0.0,0.0,0.0,0.0
Jordi Alba Ramos,394,414,0,2,5,0,5,94.56852791878171,0.0,0.45685279187817257,1.1421319796954315,0.0,1.1421319796954315
Jorge Resurrección Merodio,308,270,0,2,2,0,2,78.8961038961039,0.0,0.5844155844155845,0.5844155844155845,0.0,0.5844155844155845
Josh Risdon,279,154,0,1,6,0,2,49.67741935483871,0.0,0.3225806451612903,1.9354838709677418,0.0,0.6451612903225806
Joshua Kimmich,279,265,0,3,2,0,1,85.48387096774194,0.0,0.9677419354838709,0.6451612903225806,0.0,0.3225806451612903
Josip Drmic,185,20,0,4,1,0,0,9.72972972972973,0.0,1.945945945945946,0.4864864864864865,0.0,0.0
Josip Pivarić,458,158,0,3,9,0,1,31.048034934497817,0.0,0.5895196506550219,1.7685589519650655,0.0,0.19650655021834063
José Andrés Guardado Hernández,308,136,0,8,7,0,2,39.740259740259745,0.0,2.337662337662338,2.0454545454545454,0.0,0.5844155844155845
José Heriberto Izquierdo Mena,69,25,0,0,4,0,0,32.608695652173914,0.0,0.0,5.217391304347826,0.0,0.0
José Ignacio Fernández Iglesias,163,110,0,1,5,0,3,60.736196319018404,0.0,0.5521472392638037,2.7607361963190185,0.0,1.656441717791411
José Luis Rodríguez Francis,249,65,0,3,1,0,6,23.49397590361446,0.0,1.0843373493975903,0.3614457831325301,0.0,2.1686746987951806
José Martín Cáceres Silva,455,257,0,7,6,0,5,50.83516483516484,0.0,1.3846153846153846,1.1868131868131868,0.0,0.989010989010989
José María Giménez de Vargas,373,170,0,4,1,0,8,41.01876675603217,0.0,0.9651474530831098,0.24128686327077745,0.0,1.9302949061662196
José Miguel da Rocha Fonte,374,177,0,4,0,0,5,42.59358288770053,0.0,0.9625668449197861,0.0,0.0,1.2032085561497325
José Paolo Guerrero Gonzáles,279,48,0,9,3,0,0,15.483870967741934,0.0,2.903225806451613,0.9677419354838709,0.0,0.0
José Paulo Bezzera Maciel Júnior,350,156,0,6,6,0,3,40.114285714285714,0.0,1.542857142857143,1.542857142857143,0.0,0.7714285714285715
João Filipe Iria Santos Moutinho,277,86,0,0,1,0,0,27.942238267148014,0.0,0.0,0.3249097472924188,0.0,0.0
João Miranda de Souza Filho,469,256,0,1,2,0,5,49.12579957356077,0.0,0.19189765458422176,0.3837953091684435,0.0,0.9594882729211087
João Mário Naval da Costa Eduardo,327,165,0,1,6,0,1,45.41284403669725,0.0,0.27522935779816515,1.651376146788991,0.0,0.27522935779816515
Juan Fernando Quintero Paniagua,308,187,0,8,4,0,0,54.642857142857146,0.0,2.337662337662338,1.168831168831169,0.0,0.0
Juan Guillermo Cuadrado Bello,337,173,0,7,19,0,1,46.201780415430264,0.0,1.8694362017804154,5.074183976261128,0.0,0.26706231454005935
Julian Brandt,278,25,0,4,3,0,0,8.093525179856115,0.0,1.2949640287769784,0.9712230215827338,0.0,0.0
Julian Draxler,136,81,0,6,7,0,0,53.60294117647059,0.0,3.9705882352941178,4.632352941176471,0.0,0.0
Jérôme Boateng,171,184,0,3,0,0,3,96.8421052631579,0.0,1.5789473684210527,0.0,0.0,1.5789473684210527
Jón Daði Böðvarsson,70,18,0,1,0,0,0,23.142857142857142,0.0,1.2857142857142856,0.0,0.0,0.0
Kalidou Koulibaly,277,113,0,0,0,0,5,36.71480144404332,0.0,0.0,0.0,0.0,1.6245487364620939
Kamil Glik,181,78,0,1,0,0,0,38.78453038674033,0.0,0.4972375690607735,0.0,0.0,0.0
Kamil Grosicki,278,71,0,5,3,0,2,22.985611510791365,0.0,1.618705035971223,0.9712230215827338,0.0,0.6474820143884892
Karim Ansarifard,256,36,0,3,3,0,4,12.65625,0.0,1.0546875,1.0546875,0.0,1.40625
Karim El Ahmadi Al Aroos,269,113,0,1,2,0,4,37.806691449814124,0.0,0.3345724907063197,0.6691449814126395,0.0,1.338289962825279
Kasper Dolberg,92,5,0,0,0,0,0,4.891304347826087,0.0,0.0,0.0,0.0,0.0
Kasper Schmeichel,403,122,0,0,0,0,0,27.24565756823821,0.0,0.0,0.0,0.0,0.0
Keisuke Honda,280,41,0,4,2,0,0,13.178571428571429,0.0,1.2857142857142856,0.6428571428571428,0.0,0.0
Keita Baldé Diao,79,14,0,1,0,0,2,15.949367088607595,0.0,1.139240506329114,0.0,0.0,2.278481012658228
Kelechi Promise Iheanacho,220,43,0,3,4,0,0,17.59090909090909,0.0,1.227272727272727,1.6363636363636362,0.0,0.0
Kendall Jamaal Waston Manley,88,41,0,1,0,0,4,41.93181818181818,0.0,1.0227272727272727,0.0,0.0,4.090909090909091
Kenneth Josiah Omeruo,184,73,0,1,1,0,6,35.70652173913044,0.0,0.48913043478260876,0.48913043478260876,0.0,2.9347826086956523
Kevin De Bruyne,555,350,0,12,11,0,6,56.75675675675675,0.0,1.9459459459459458,1.7837837837837838,0.0,0.9729729729729729
Keylor Navas Gamboa,283,73,0,0,0,0,0,23.215547703180214,0.0,0.0,0.0,0.0,0.0
"Khadim N""Diaye",93,25,0,0,0,0,0,24.193548387096772,0.0,0.0,0.0,0.0,0.0
Khadim N''Diaye,180,46,0,0,0,0,0,23.0,0.0,0.0,0.0,0.0,0.0
Khalid Boutaïb,138,26,0,4,3,0,1,16.956521739130434,0.0,2.608695652173913,1.9565217391304346,0.0,0.6521739130434783
Kieran Trippier,595,393,0,4,8,0,5,59.445378151260506,0.0,0.6050420168067228,1.2100840336134455,0.0,0.7563025210084034
Kléper Laveran Lima Ferreira,363,167,0,3,1,0,6,41.404958677685954,0.0,0.7438016528925621,0.24793388429752067,0.0,1.4876033057851241
Kyle Walker,500,385,0,0,7,0,3,69.3,0.0,0.0,1.26,0.0,0.54
Kylian Mbappé Lottin,622,173,0,8,52,0,4,25.032154340836012,0.0,1.157556270096463,7.524115755627009,0.0,0.5787781350482315
Kári Árnason,188,50,0,0,0,0,1,23.936170212765955,0.0,0.0,0.0,0.0,0.4787234042553191
Lamine Gassama,91,32,0,0,3,0,4,31.64835164835165,0.0,0.0,2.967032967032967,0.0,3.956043956043956
Lasse Schöne,306,122,0,5,1,0,5,35.88235294117647,0.0,1.4705882352941178,0.29411764705882354,0.0,1.4705882352941178
Leander Dendoncker,92,70,0,0,0,0,0,68.47826086956522,0.0,0.0,0.0,0.0,0.0
Leon Aderemi Balogun,279,131,0,3,1,0,7,42.25806451612903,0.0,0.9677419354838709,0.3225806451612903,0.0,2.258064516129032
Leon Goretzka,62,22,0,2,1,0,0,31.935483870967744,0.0,2.903225806451613,1.4516129032258065,0.0,0.0
Lionel Andrés Messi Cuccittini,372,202,0,18,28,0,0,48.87096774193548,0.0,4.354838709677419,6.774193548387096,0.0,0.0
Lovre Kalinić,93,16,0,0,0,0,0,15.483870967741934,0.0,0.0,0.0,0.0,0.0
Lucas Hernández Pi,604,276,0,5,12,0,7,41.12582781456953,0.0,0.7450331125827815,1.7880794701986755,0.0,1.043046357615894
Lucas Rodrigo Biglia,53,49,0,2,0,0,0,83.20754716981132,0.0,3.3962264150943393,0.0,0.0,0.0
Lucas Torreira Di Pascua,466,153,0,2,4,0,6,29.549356223175963,0.0,0.38626609442060084,0.7725321888412017,0.0,1.1587982832618025
Lucas Vázquez Iglesias,172,42,0,0,4,0,2,21.97674418604651,0.0,0.0,2.093023255813953,0.0,1.0465116279069766
Ludwig Augustinsson,463,181,0,3,3,0,3,35.183585313174945,0.0,0.5831533477321814,0.5831533477321814,0.0,0.5831533477321814
Luis Alberto Suárez Díaz,469,139,0,14,14,0,4,26.673773987206822,0.0,2.6865671641791042,2.6865671641791042,0.0,0.767590618336887
Luis Carlos Ovalle Victoria,91,36,0,1,0,0,2,35.604395604395606,0.0,0.989010989010989,0.0,0.0,1.978021978021978
Luis Carlos Tejada Hansell,189,21,0,0,3,0,0,10.0,0.0,0.0,1.4285714285714286,0.0,0.0
Luis Fernando Muriel Fruto,215,30,0,2,4,0,0,12.558139534883722,0.0,0.8372093023255814,1.6744186046511629,0.0,0.0
Luis Jan Piers Advíncula Castrillón,281,144,0,3,8,0,4,46.120996441281136,0.0,0.9608540925266904,2.5622775800711746,0.0,1.2811387900355873
Luka Jović,92,0,0,0,0,0,0,0.0,0.0,0.0,0.0,0.0,0.0
Luka Milivojević,174,74,0,0,1,0,1,38.275862068965516,0.0,0.0,0.5172413793103449,0.0,0.5172413793103449
Luka Modrić,706,527,0,12,19,0,7,67.1813031161473,0.0,1.529745042492918,2.4220963172804533,0.0,0.8923512747875354
M''Baye Babacar Niang,244,86,0,8,5,0,5,31.721311475409834,0.0,2.9508196721311473,1.8442622950819672,0.0,1.8442622950819672
Maciej Rybus,185,71,0,0,2,0,6,34.54054054054054,0.0,0.0,0.972972972972973,0.0,2.9189189189189193
Mahmoud Abdul Monem Abdelhamid Soliman,279,21,0,0,0,0,0,6.774193548387097,0.0,0.0,0.0,0.0,0.0
Mahmoud Ibrahim Hassan,241,91,0,8,11,0,3,33.983402489626556,0.0,2.987551867219917,4.107883817427386,0.0,1.120331950207469
Makoto Hasebe,370,210,0,1,1,0,3,51.08108108108109,0.0,0.24324324324324326,0.24324324324324326,0.0,0.7297297297297298
Mame Biram Diouf,154,9,0,2,0,0,0,5.25974025974026,0.0,1.168831168831169,0.0,0.0,0.0
Manuel Henrique Tavares Fernandes,94,10,0,2,1,0,0,9.574468085106382,0.0,1.9148936170212765,0.9574468085106382,0.0,0.0
Manuel Marouan da Costa Trinidade,275,82,0,2,0,0,3,26.83636363636364,0.0,0.6545454545454545,0.0,0.0,0.9818181818181819
Manuel Neuer,284,79,0,0,2,0,0,25.035211267605636,0.0,0.0,0.6338028169014085,0.0,0.0
Manuel Obafemi Akanji,366,304,0,2,2,0,5,74.75409836065575,0.0,0.49180327868852464,0.49180327868852464,0.0,1.2295081967213115
Marcelo Brozović,592,379,0,5,2,0,3,57.61824324324325,0.0,0.7601351351351352,0.30405405405405406,0.0,0.4560810810810811
Marcelo Vieira da Silva Júnior,291,291,0,4,4,0,7,90.0,0.0,1.2371134020618557,1.2371134020618557,0.0,2.1649484536082473
Marco Asensio Willemsen,292,67,0,3,5,0,0,20.65068493150685,0.0,0.9246575342465754,1.5410958904109588,0.0,0.0
Marco Jhonfai Fabián De La Mora,91,15,0,1,0,0,0,14.835164835164836,0.0,0.989010989010989,0.0,0.0,0.0
Marco Reus,282,126,0,6,2,0,0,40.212765957446805,0.0,1.9148936170212767,0.6382978723404256,0.0,0.0
Marcos Aoás Corrêa,95,3,0,0,0,0,0,2.8421052631578947,0.0,0.0,0.0,0.0,0.0
Marcos Danilo Ureña Porras,119,20,0,2,2,0,0,15.126050420168067,0.0,1.5126050420168067,1.5126050420168067,0.0,0.0
Marcos Javier Acuña,93,49,0,1,4,0,0,47.41935483870967,0.0,0.9677419354838709,3.8709677419354835,0.0,0.0
Marcus Berg,421,87,0,15,1,0,4,18.59857482185273,0.0,3.2066508313539193,0.21377672209026127,0.0,0.8551068883610451
Marcus Rashford,613,89,0,6,16,0,0,13.06688417618271,0.0,0.8809135399673736,2.3491027732463294,0.0,0.0
Mario Gavranović,163,17,0,3,2,0,0,9.386503067484663,0.0,1.656441717791411,1.1042944785276074,0.0,0.0
Mario Gómez García,275,13,0,6,0,0,0,4.254545454545455,0.0,1.9636363636363638,0.0,0.0,0.0
Mario Mandžukić,609,163,0,12,3,0,2,24.088669950738918,0.0,1.7733990147783252,0.4433497536945813,0.0,0.2955665024630542
Mark Milligan,277,249,0,0,0,0,5,80.90252707581227,0.0,0.0,0.0,0.0,1.6245487364620939
Marko Pjaca,256,23,0,1,2,0,0,8.0859375,0.0,0.3515625,0.703125,0.0,0.0
Marouane Fellaini-Bakkioui,445,140,0,5,3,0,3,28.314606741573034,0.0,1.0112359550561798,0.6067415730337078,0.0,0.6067415730337078
Martin Braithwaite Christensen,378,54,0,4,3,0,0,12.857142857142856,0.0,0.9523809523809523,0.7142857142857143,0.0,0.0
Martin Olsson,186,13,0,0,0,0,0,6.290322580645161,0.0,0.0,0.0,0.0,0.0
Marvin Plattenhardt,78,24,0,1,0,0,1,27.69230769230769,0.0,1.1538461538461537,0.0,0.0,1.1538461538461537
Marwan Mohsen,206,54,0,6,2,0,1,23.59223300970874,0.0,2.621359223300971,0.8737864077669903,0.0,0.4368932038834952
Masoud Shojaei Soleimani,67,15,0,0,3,0,2,20.149253731343283,0.0,0.0,4.029850746268656,0.0,2.6865671641791042
Mateo Kovačić,510,126,0,5,7,0,1,22.235294117647058,0.0,0.8823529411764706,1.2352941176470587,0.0,0.1764705882352941
Mathew Leckie,280,83,0,9,8,0,3,26.678571428571427,0.0,2.892857142857143,2.571428571428571,0.0,0.9642857142857143
Mathew Ryan,269,111,0,0,0,0,0,37.13754646840149,0.0,0.0,0.0,0.0,0.0
Mathias Jattah-Njie Jørgensen,300,100,0,1,0,0,2,30.0,0.0,0.3,0.0,0.0,0.6
Mats Hummels,188,105,0,6,2,0,5,50.26595744680851,0.0,2.872340425531915,0.9574468085106382,0.0,2.3936170212765955
Matías Vecino Falero,424,266,0,4,2,0,5,56.4622641509434,0.0,0.8490566037735848,0.4245283018867924,0.0,1.0613207547169812
Maximiliano Eduardo Meza,359,116,0,3,10,0,2,29.080779944289695,0.0,0.7520891364902507,2.5069637883008355,0.0,0.5013927576601671
Maximiliano Gómez González,188,4,0,0,0,0,0,1.9148936170212765,0.0,0.0,0.0,0.0,0.0
Maya Yoshida,365,290,0,2,0,0,6,71.5068493150685,0.0,0.4931506849315069,0.0,0.0,1.4794520547945207
Mbark Boussoufa,278,131,0,2,1,0,4,42.41007194244604,0.0,0.6474820143884892,0.3237410071942446,0.0,1.2949640287769784
Medhi Amine El Mouttaqi Benatia,189,127,0,5,1,0,1,60.476190476190474,0.0,2.380952380952381,0.47619047619047616,0.0,0.47619047619047616
Mehdi Carcela-González,93,8,0,0,0,0,0,7.741935483870967,0.0,0.0,0.0,0.0,0.0
Mehdi Taremi,281,44,0,3,4,0,8,14.092526690391459,0.0,0.9608540925266904,1.2811387900355873,0.0,2.5622775800711746
Mesut Özil,190,173,0,2,10,0,1,81.94736842105263,0.0,0.9473684210526315,4.7368421052631575,0.0,0.47368421052631576
Michael Amir Murillo Bermudez,184,87,0,2,3,0,1,42.55434782608696,0.0,0.9782608695652175,1.4673913043478262,0.0,0.48913043478260876
Michael Krohn-Dehli,123,11,0,1,0,0,0,8.048780487804878,0.0,0.7317073170731707,0.0,0.0,0.0
Michael Lang,279,63,0,1,0,0,3,20.32258064516129,0.0,0.3225806451612903,0.0,0.0,0.9677419354838709
Michał Pazdan,172,159,0,0,0,0,3,83.19767441860465,0.0,0.0,0.0,0.0,1.569767441860465
Michy Batshuayi Tunga,277,27,0,8,5,0,0,8.772563176895307,0.0,2.5992779783393503,1.6245487364620939,0.0,0.0
Miguel Arturo Layún Prado,369,121,0,9,7,0,5,29.512195121951223,0.0,2.1951219512195124,1.707317073170732,0.0,1.2195121951219514
Miguel Ángel Borja Hernández,92,1,0,0,0,0,0,0.9782608695652175,0.0,0.0,0.0,0.0,0.0
Miguel Ángel Trauco Saavedra,280,203,0,0,3,0,3,65.25,0.0,0.0,0.9642857142857143,0.0,0.9642857142857143
Mikael Lustig,352,134,0,2,1,0,5,34.26136363636364,0.0,0.5113636363636364,0.2556818181818182,0.0,1.278409090909091
Milad Mohammadi,189,19,0,0,1,0,4,9.047619047619047,0.0,0.0,0.47619047619047616,0.0,1.9047619047619047
Milan Badelj,337,73,0,3,2,0,3,19.495548961424333,0.0,0.8011869436201781,0.5341246290801187,0.0,0.8011869436201781
Mile Jedinak,279,173,0,6,1,0,1,55.806451612903224,0.0,1.9354838709677418,0.3225806451612903,0.0,0.3225806451612903
Milos Veljkovic,92,44,0,0,0,0,1,43.04347826086957,0.0,0.0,0.0,0.0,0.9782608695652175
Min-Woo Kim,177,64,0,1,0,0,3,32.54237288135593,0.0,0.5084745762711864,0.0,0.0,1.5254237288135595
Mohamed Abdul Shafy Sayed Abouezeid,280,179,0,0,5,0,10,57.535714285714285,0.0,0.0,1.6071428571428572,0.0,3.2142857142857144
Mohamed Amine Ben Amor,93,5,0,0,0,0,0,4.838709677419354,0.0,0.0,0.0,0.0,0.0
Mohamed El Sayed Mohamed El Shenawy Gomaa,183,35,0,0,0,0,0,17.213114754098363,0.0,0.0,0.0,0.0,0.0
Mohamed Naser Elsayed Elneny,249,111,0,3,1,0,3,40.12048192771084,0.0,1.0843373493975903,0.3614457831325301,0.0,1.0843373493975903
Mohamed Salah,187,41,0,6,11,0,1,19.732620320855613,0.0,2.887700534759358,5.294117647058823,0.0,0.48128342245989303
Mohammad Ibrahim Al Sahlawi,174,14,0,1,2,0,0,7.241379310344827,0.0,0.5172413793103449,1.0344827586206897,0.0,0.0
Mohammed Al Burayk,279,238,0,3,1,0,7,76.77419354838709,0.0,0.9677419354838709,0.3225806451612903,0.0,2.258064516129032
Mohammed Kanoo,93,10,0,1,0,0,0,9.677419354838708,0.0,0.9677419354838709,0.0,0.0,0.0
Mohammed Khalil Al Owais,88,25,0,0,0,0,0,25.56818181818182,0.0,0.0,0.0,0.0,0.0
Mohanad Aseri Abu Radiah,186,6,0,1,0,0,1,2.9032258064516125,0.0,0.48387096774193544,0.0,0.0,0.48387096774193544
Morteza Pouraliganji,284,62,0,0,0,0,2,19.647887323943664,0.0,0.0,0.0,0.0,0.6338028169014085
Motaz Ali Hassan Hawsawi,93,31,0,0,0,0,0,29.999999999999996,0.0,0.0,0.0,0.0,0.0
Mouez Hassen,14,5,0,0,0,0,0,32.14285714285714,0.0,0.0,0.0,0.0,0.0
Mousa Sidi Yaya Dembélé,334,110,0,0,1,0,2,29.64071856287425,0.0,0.0,0.2694610778443114,0.0,0.5389221556886228
Moussa Wagué,276,90,0,1,4,0,4,29.34782608695652,0.0,0.32608695652173914,1.3043478260869565,0.0,1.3043478260869565
Munir Mohand Mohamedi,285,57,0,0,0,0,0,18.0,0.0,0.0,0.0,0.0,0.0
Mário Figueira Fernandes,517,260,0,2,5,0,6,45.26112185686654,0.0,0.3481624758220503,0.8704061895551257,0.0,1.0444874274661509
N''Golo Kanté,603,353,0,1,8,0,22,52.6865671641791,0.0,0.14925373134328357,1.1940298507462686,0.0,3.2835820895522385
Nabil Dirar,183,92,0,2,5,0,4,45.24590163934427,0.0,0.9836065573770493,2.459016393442623,0.0,1.9672131147540985
Nabil Fekir,559,40,0,4,9,0,0,6.440071556350626,0.0,0.6440071556350626,1.4490161001788908,0.0,0.0
Nacer Chadli,488,192,0,3,10,0,2,35.40983606557377,0.0,0.5532786885245902,1.8442622950819672,0.0,0.3688524590163934
Nahitan Michel Nández Acosta,371,133,0,1,7,0,0,32.26415094339623,0.0,0.24258760107816715,1.69811320754717,0.0,0.0
Naïm Sliti,239,63,0,6,12,0,2,23.723849372384937,0.0,2.2594142259414225,4.518828451882845,0.0,0.7531380753138076
Nemanja Matić,279,136,0,3,4,0,3,43.87096774193548,0.0,0.9677419354838709,1.2903225806451613,0.0,0.9677419354838709
Nemanja Radonjić,185,11,0,0,1,0,0,5.351351351351352,0.0,0.0,0.4864864864864865,0.0,0.0
Neymar da Silva Santos Junior,470,283,0,27,43,0,0,54.191489361702125,0.0,5.170212765957447,8.23404255319149,0.0,0.0
Nicolai Jørgensen,288,51,0,5,1,0,0,15.9375,0.0,1.5625,0.3125,0.0,0.0
Nicolás Alejandro Tagliafico,356,234,0,4,1,0,3,59.157303370786515,0.0,1.0112359550561798,0.25280898876404495,0.0,0.7584269662921348
Nicolás Hernán Otamendi,370,296,0,6,1,0,5,72.0,0.0,1.4594594594594597,0.24324324324324326,0.0,1.2162162162162162
Niklas Süle,98,86,0,0,0,0,2,78.9795918367347,0.0,0.0,0.0,0.0,1.8367346938775513
Nikola Milenković,280,117,0,0,0,0,2,37.607142857142854,0.0,0.0,0.0,0.0,0.6428571428571428
Nordin Amrabat,264,90,0,1,11,0,2,30.681818181818183,0.0,0.34090909090909094,3.7500000000000004,0.0,0.6818181818181819
Néstor Fernando Muslera Micol,467,106,0,0,1,0,0,20.428265524625267,0.0,0.0,0.19271948608137043,0.0,0.0
Odion Jude Ighalo,260,16,0,5,6,0,1,5.538461538461538,0.0,1.7307692307692308,2.076923076923077,0.0,0.34615384615384615
Oghenekaro Etebo,276,152,0,7,13,0,5,49.565217391304344,0.0,2.282608695652174,4.239130434782608,0.0,1.6304347826086956
Ola Toivonen,405,102,0,5,5,0,0,22.666666666666668,0.0,1.1111111111111112,1.1111111111111112,0.0,0.0
Olivier Giroud,631,132,0,15,5,0,2,18.827258320126784,0.0,2.13946117274168,0.7131537242472267,0.0,0.28526148969889065
Omar Ibrahim Omar Othman Hawsawi,88,58,0,0,1,0,0,59.31818181818182,0.0,0.0,1.0227272727272727,0.0,0.0
Omid Ebrahimi,269,72,0,1,1,0,4,24.08921933085502,0.0,0.3345724907063197,0.3345724907063197,0.0,1.338289962825279
Onyinye Wilfred Ndidi,279,171,0,3,3,0,4,55.16129032258064,0.0,0.9677419354838709,0.9677419354838709,0.0,1.2903225806451613
Oribe Peralta Morones,93,3,0,0,1,0,0,2.9032258064516125,0.0,0.0,0.9677419354838709,0.0,0.0
Osama Abdulrezag Hawsawi,278,132,0,0,0,0,3,42.73381294964029,0.0,0.0,0.0,0.0,0.9712230215827338
Oscar Fabián Murillo Murillo,94,45,0,2,0,0,4,43.08510638297872,0.0,1.9148936170212765,0.0,0.0,3.829787234042553
Oscar Hiljemark,186,9,0,0,0,0,2,4.354838709677419,0.0,0.0,0.0,0.0,0.9677419354838709
Ousmane Dembélé,334,72,0,3,10,0,2,19.40119760479042,0.0,0.8083832335329341,2.6946107784431135,0.0,0.5389221556886228
Oussama Haddadi,91,42,0,0,1,0,1,41.53846153846154,0.0,0.0,0.989010989010989,0.0,0.989010989010989
Papa Alioune N''Diaye,80,22,0,1,1,0,2,24.75,0.0,1.125,1.125,0.0,2.25
Pape Moussa Konaté,185,6,0,0,0,0,0,2.9189189189189193,0.0,0.0,0.0,0.0,0.0
Paul Pogba,557,305,0,7,13,0,5,49.2818671454219,0.0,1.1310592459605027,2.1005385996409336,0.0,0.8078994614003591
Paulo Bruno Exequiel Dybala,93,11,0,1,1,0,0,10.64516129032258,0.0,0.9677419354838709,0.9677419354838709,0.0,0.0
Pedro David Gallese Quiróz,274,68,0,0,0,0,0,22.335766423357665,0.0,0.0,0.0,0.0,0.0
Pedro Jesús Aquino Sánchez,280,104,0,1,0,0,2,33.42857142857143,0.0,0.3214285714285714,0.0,0.0,0.6428571428571428
Phil Jones,182,145,0,0,0,0,4,71.7032967032967,0.0,0.0,0.0,0.0,1.978021978021978
Philippe Coutinho Correia,445,325,0,23,10,0,4,65.73033707865169,0.0,4.651685393258426,2.0224719101123596,0.0,0.8089887640449438
Pione Sisto Ifolo Emirmija,335,87,0,5,16,0,1,23.37313432835821,0.0,1.3432835820895521,4.298507462686567,0.0,0.26865671641791045
Piotr Zieliński,264,162,0,4,10,0,0,55.227272727272734,0.0,1.3636363636363638,3.409090909090909,0.0,0.0
Pontus Jansson,186,59,0,1,0,0,0,28.548387096774192,0.0,0.48387096774193544,0.0,0.0,0.0
Presnel Kimpembe,92,76,0,0,0,0,1,74.34782608695653,0.0,0.0,0.0,0.0,0.9782608695652175
Radamel Falcao García Zárate,378,106,0,9,6,0,0,25.238095238095237,0.0,2.142857142857143,1.4285714285714286,0.0,0.0
Rafael Márquez Álvarez,231,42,0,0,1,0,2,16.363636363636363,0.0,0.0,0.3896103896103896,0.0,0.7792207792207791
Rafał Kurzawa,78,34,0,2,3,0,1,39.230769230769226,0.0,2.3076923076923075,3.4615384615384612,0.0,1.1538461538461537
Ragnar Sigurðsson,222,53,0,0,0,0,5,21.486486486486484,0.0,0.0,0.0,0.0,2.0270270270270268
Raheem Sterling,456,135,0,11,23,0,0,26.644736842105264,0.0,2.1710526315789473,4.5394736842105265,0.0,0.0
Ramadan Sobhi Ramadan Ahmed,276,26,0,0,0,0,0,8.478260869565217,0.0,0.0,0.0,0.0,0.0
Rami Bedoui,93,83,0,0,1,0,1,80.32258064516128,0.0,0.0,0.9677419354838709,0.0,0.9677419354838709
Ramin Rezaeian,277,101,0,1,1,0,1,32.81588447653429,0.0,0.3249097472924188,0.3249097472924188,0.0,0.3249097472924188
Raphaël Adelino José Guerreiro,378,252,0,4,11,0,4,60.0,0.0,0.9523809523809523,2.619047619047619,0.0,0.9523809523809523
Raphaël Varane,647,339,0,4,2,0,5,47.15610510046368,0.0,0.5564142194744977,0.2782071097372488,0.0,0.6955177743431221
Raúl Alonso Jiménez Rodríguez,187,16,0,1,1,0,0,7.7005347593582885,0.0,0.48128342245989303,0.48128342245989303,0.0,0.0
Raúl Mario Ruidíaz Misitich,187,3,0,0,0,0,0,1.443850267379679,0.0,0.0,0.0,0.0,0.0
Renato Fabrizio Tapia Cortijo,148,47,0,1,0,0,2,28.58108108108108,0.0,0.6081081081081081,0.0,0.0,1.2162162162162162
Renato Soares de Oliveira Augusto,278,48,0,3,0,0,1,15.53956834532374,0.0,0.9712230215827338,0.0,0.0,0.3237410071942446
Ricardo Andrade Quaresma Bernardo,255,66,0,5,9,0,1,23.294117647058822,0.0,1.7647058823529411,3.176470588235294,0.0,0.3529411764705882
Ricardo Domingos Barbosa Pereira,94,55,0,0,2,0,1,52.659574468085104,0.0,0.0,1.9148936170212765,0.0,0.9574468085106382
Ricardo Guardia Avila,173,43,0,1,3,0,1,22.36994219653179,0.0,0.5202312138728323,1.560693641618497,0.0,0.5202312138728323
Ricardo Iván Rodríguez Araya,372,216,0,6,8,0,1,52.258064516129025,0.0,1.4516129032258063,1.9354838709677418,0.0,0.24193548387096772
Robbie Kruse,207,56,0,1,0,0,0,24.347826086956523,0.0,0.4347826086956522,0.0,0.0,0.0
Robert Lewandowski,278,73,0,9,10,0,0,23.633093525179856,0.0,2.9136690647482015,3.237410071942446,0.0,0.0
Roberto Firmino Barbosa de Oliveira,382,41,0,6,5,0,1,9.659685863874346,0.0,1.4136125654450262,1.1780104712041886,0.0,0.2356020942408377
Robin Olsen,461,106,0,0,0,0,0,20.6941431670282,0.0,0.0,0.0,0.0,0.0
Rodney Wallace,94,5,0,0,0,0,0,4.787234042553191,0.0,0.0,0.0,0.0,0.0
Rodrigo Bentancur Colmán,365,227,0,3,8,0,9,55.97260273972603,0.0,0.7397260273972603,1.9726027397260275,0.0,2.219178082191781
Rodrigo Moreno Machado,308,10,0,4,1,0,0,2.9220779220779223,0.0,1.168831168831169,0.29220779220779225,0.0,0.0
Romain Saïss,184,93,0,1,0,0,3,45.48913043478261,0.0,0.48913043478260876,0.0,0.0,1.4673913043478262
Roman Zobnin,518,204,0,7,9,0,14,35.44401544401544,0.0,1.2162162162162162,1.5637065637065637,0.0,2.4324324324324325
Romelu Lukaku Menama,480,98,0,14,10,0,0,18.375,0.0,2.625,1.875,0.0,0.0
Román Aureliano Torres Morcillo,239,67,0,4,1,0,2,25.230125523012553,0.0,1.5062761506276152,0.3765690376569038,0.0,0.7531380753138076
Roozbeh Cheshmi,88,15,0,1,0,0,1,15.340909090909092,0.0,1.0227272727272727,0.0,0.0,1.0227272727272727
Ruben Loftus-Cheek,356,129,0,3,15,0,3,32.6123595505618,0.0,0.7584269662921348,3.792134831460674,0.0,0.7584269662921348
Rui Pedro dos Santos Patrício,373,77,0,1,0,0,0,18.579088471849865,0.0,0.24128686327077745,0.0,0.0,0.0
Rándall Azofeifa Corrales,94,2,0,0,0,0,0,1.9148936170212765,0.0,0.0,0.0,0.0,0.0
Rúrik Gíslason,188,34,0,1,0,0,1,16.27659574468085,0.0,0.4787234042553191,0.0,0.0,0.4787234042553191
Saber Khalifa,92,0,0,0,0,0,0,0.0,0.0,0.0,0.0,0.0,0.0
Sadio Mané,279,93,0,3,10,0,3,30.0,0.0,0.9677419354838709,3.225806451612903,0.0,0.9677419354838709
Saeid Ezatolahi Afagh,168,44,0,1,3,0,3,23.57142857142857,0.0,0.5357142857142857,1.6071428571428572,0.0,1.6071428571428572
Salem Mohammed Al Dawsari,275,164,0,7,19,0,6,53.67272727272728,0.0,2.290909090909091,6.218181818181819,0.0,1.9636363636363638
Salif Sané,277,125,0,4,0,0,7,40.61371841155234,0.0,1.2996389891696751,0.0,0.0,2.2743682310469313
Salman Mohammed Al Faraj,278,266,0,3,11,0,7,86.11510791366906,0.0,0.9712230215827338,3.5611510791366907,0.0,2.2661870503597124
Sam Morsy,94,24,0,0,0,0,2,22.97872340425532,0.0,0.0,0.0,0.0,1.9148936170212765
Saman Ghoddos,285,5,0,2,0,0,0,1.5789473684210527,0.0,0.6315789473684211,0.0,0.0,0.0
Sami Khedira,116,100,0,3,2,0,1,77.58620689655172,0.0,2.3275862068965516,1.5517241379310345,0.0,0.7758620689655172
Samuel Yves Umtiti,533,214,0,2,2,0,7,36.13508442776735,0.0,0.33771106941838647,0.33771106941838647,0.0,1.1819887429643527
Santiago Arias Naranjo,396,215,0,1,2,0,6,48.86363636363636,0.0,0.22727272727272727,0.45454545454545453,0.0,1.3636363636363635
Sardar Azmoun,283,58,0,5,3,0,2,18.445229681978798,0.0,1.5901060070671378,0.9540636042402827,0.0,0.6360424028268551
Saîf-Eddine Khaoui,92,37,0,2,2,0,0,36.19565217391305,0.0,1.956521739130435,1.956521739130435,0.0,0.0
Se-Jong Ju,161,41,0,0,0,0,1,22.919254658385093,0.0,0.0,0.0,0.0,0.5590062111801242
Sebastian Larsson,325,167,0,1,1,0,1,46.246153846153845,0.0,0.27692307692307694,0.27692307692307694,0.0,0.27692307692307694
Sebastian Rudy,30,17,0,1,0,0,0,51.0,0.0,3.0,0.0,0.0,0.0
Sebastián Coates Nión,93,64,0,0,0,0,1,61.93548387096774,0.0,0.0,0.0,0.0,0.9677419354838709
Seon-Min Moon,144,33,0,2,2,0,0,20.625,0.0,1.25,1.25,0.0,0.0
Sergei Ignashevich,520,160,0,5,0,0,1,27.692307692307693,0.0,0.8653846153846154,0.0,0.0,0.17307692307692307
Sergej Milinković-Savić,278,114,0,5,12,0,0,36.906474820143885,0.0,1.618705035971223,3.884892086330935,0.0,0.0
Sergio Busquets i Burgos,401,312,0,5,3,0,7,70.02493765586034,0.0,1.1221945137157108,0.6733167082294265,0.0,1.5710723192019949
Sergio Leonel Agüero del Castillo,333,63,0,6,2,0,1,17.027027027027025,0.0,1.6216216216216215,0.5405405405405405,0.0,0.27027027027027023
Sergio Ramos García,406,496,0,5,0,0,1,109.95073891625616,0.0,1.1083743842364533,0.0,0.0,0.22167487684729065
Seung-Woo Lee,188,27,0,1,4,0,0,12.925531914893616,0.0,0.4787234042553191,1.9148936170212765,0.0,0.0
Seyed Majid Hosseini,280,40,0,0,0,0,0,12.857142857142858,0.0,0.0,0.0,0.0,0.0
Shin-Wook Kim,66,13,0,0,0,0,0,17.72727272727273,0.0,0.0,0.0,0.0,0.0
Shinji Kagawa,235,142,0,3,7,0,3,54.38297872340426,0.0,1.1489361702127658,2.6808510638297873,0.0,1.1489361702127658
Shinji Okazaki,232,18,0,1,3,0,1,6.982758620689655,0.0,0.3879310344827586,1.1637931034482758,0.0,0.3879310344827586
Simeon Tochukwu Nwankwo,186,1,0,0,0,0,0,0.48387096774193544,0.0,0.0,0.0,0.0,0.0
Simon Thorup Kjær,398,221,0,1,0,0,1,49.97487437185929,0.0,0.22613065326633164,0.0,0.0,0.22613065326633164
Sofyan Amrabat,93,6,0,0,0,0,0,5.806451612903225,0.0,0.0,0.0,0.0,0.0
Stephan Lichtsteiner,274,152,0,3,7,0,3,49.92700729927007,0.0,0.9854014598540146,2.2992700729927007,0.0,0.9854014598540146
Steve Mandanda,89,25,0,0,0,0,0,25.280898876404493,0.0,0.0,0.0,0.0,0.0
Steven N''Kemboanza Mike Christopher Nzonzi,464,102,0,0,0,0,2,19.784482758620687,0.0,0.0,0.0,0.0,0.3879310344827586
Steven Zuber,256,92,0,4,9,0,0,32.34375,0.0,1.40625,3.1640625,0.0,0.0
Sung-Yeung Ki,186,85,0,3,2,0,1,41.12903225806451,0.0,1.4516129032258063,0.9677419354838709,0.0,0.48387096774193544
Sverrir Ingi Ingason,185,46,0,3,0,0,2,22.37837837837838,0.0,1.4594594594594597,0.0,0.0,0.972972972972973
Syam Ben Youssef,130,42,0,0,2,0,2,29.076923076923077,0.0,0.0,1.3846153846153846,0.0,1.3846153846153846
Sławomir Peszko,88,11,0,0,0,0,0,11.25,0.0,0.0,0.0,0.0,0.0
Taisir Jabir Al Jassim,135,68,0,0,3,0,1,45.333333333333336,0.0,0.0,2.0,0.0,0.6666666666666666
Takashi Inui,359,127,0,9,5,0,5,31.838440111420613,0.0,2.256267409470752,1.2534818941504178,0.0,1.2534818941504178
Takashi Usami,156,42,0,3,3,0,1,24.23076923076923,0.0,1.7307692307692306,1.7307692307692306,0.0,0.5769230769230769
Tarek Hamed,235,142,0,2,0,0,3,54.38297872340426,0.0,0.7659574468085106,0.0,0.0,1.1489361702127658
Thiago Alcântara do Nascimento,166,118,0,2,6,0,1,63.97590361445783,0.0,1.0843373493975903,3.2530120481927707,0.0,0.5421686746987951
Thiago Emiliano da Silva,468,289,0,6,0,0,8,55.57692307692307,0.0,1.1538461538461537,0.0,0.0,1.5384615384615383
Thiago Rangel Cionek,94,81,0,0,0,0,2,77.5531914893617,0.0,0.0,0.0,0.0,1.9148936170212765
Thibaut Courtois,639,192,0,0,0,0,0,27.042253521126764,0.0,0.0,0.0,0.0,0.0
Thomas Delaney,371,185,0,4,5,0,7,44.87870619946092,0.0,0.9703504043126686,1.2129380053908356,0.0,1.69811320754717
Thomas Lemar,92,54,0,1,4,0,0,52.82608695652174,0.0,0.9782608695652175,3.91304347826087,0.0,0.0
Thomas Meunier,459,236,0,6,6,0,8,46.274509803921575,0.0,1.1764705882352942,1.1764705882352942,0.0,1.5686274509803924
Thomas Müller,285,113,0,4,3,0,0,35.68421052631579,0.0,1.2631578947368423,0.9473684210526316,0.0,0.0
Thomas Vermaelen,259,80,0,0,0,0,1,27.7992277992278,0.0,0.0,0.0,0.0,0.3474903474903475
Thorgan Hazard,186,57,0,3,2,0,3,27.58064516129032,0.0,1.4516129032258063,0.9677419354838709,0.0,1.4516129032258063
Tim Cahill,93,9,0,2,0,0,0,8.709677419354838,0.0,1.9354838709677418,0.0,0.0,0.0
Timo Werner,277,91,0,7,5,0,0,29.566787003610106,0.0,2.2743682310469313,1.6245487364620939,0.0,0.0
Tin Jedvaj,94,51,0,0,0,0,1,48.82978723404255,0.0,0.0,0.0,0.0,0.9574468085106382
Toby Alderweireld,539,446,0,5,0,0,4,74.47124304267162,0.0,0.8348794063079777,0.0,0.0,0.6679035250463822
Tom Rogić,222,64,0,5,9,0,2,25.945945945945944,0.0,2.0270270270270268,3.6486486486486487,0.0,0.8108108108108107
Tomi Jurić,238,18,0,0,1,0,0,6.80672268907563,0.0,0.0,0.37815126050420167,0.0,0.0
Tomoaki Makino,92,87,0,2,0,0,0,85.10869565217392,0.0,1.956521739130435,0.0,0.0,0.0
Toni Kroos,285,323,0,16,5,0,1,102.0,0.0,5.052631578947369,1.5789473684210527,0.0,0.31578947368421056
Trent Alexander-Arnold,77,66,0,1,2,0,2,77.14285714285715,0.0,1.168831168831169,2.337662337662338,0.0,2.337662337662338
Trent Sainsbury,275,191,0,3,1,0,4,62.509090909090915,0.0,0.9818181818181819,0.32727272727272727,0.0,1.309090909090909
Tyronne Ebuehi,95,25,0,0,0,0,0,23.684210526315788,0.0,0.0,0.0,0.0,0.0
Vahid Amiri,274,71,0,2,6,0,5,23.32116788321168,0.0,0.6569343065693432,1.9708029197080292,0.0,1.6423357664233578
Valon Behrami,314,231,0,1,1,0,5,66.21019108280255,0.0,0.28662420382165604,0.28662420382165604,0.0,1.4331210191082802
Vedran Ćorluka,426,64,0,0,3,0,2,13.52112676056338,0.0,0.0,0.6338028169014085,0.0,0.4225352112676056
Victor Moses,275,120,0,7,6,0,4,39.27272727272727,0.0,2.290909090909091,1.9636363636363638,0.0,1.309090909090909
Victor Nilsson Lindelöf,343,109,0,0,1,0,2,28.60058309037901,0.0,0.0,0.2623906705539359,0.0,0.5247813411078718
Viktor Claesson,444,146,0,6,11,0,8,29.594594594594593,0.0,1.2162162162162162,2.22972972972973,0.0,1.6216216216216215
Viktor Fischer,88,8,0,1,2,0,1,8.181818181818182,0.0,1.0227272727272727,2.0454545454545454,0.0,1.0227272727272727
Vincent Kompany,457,277,0,6,0,0,1,54.55142231947484,0.0,1.1816192560175056,0.0,0.0,0.19693654266958427
Vladimir Granat,111,6,0,0,0,0,0,4.864864864864865,0.0,0.0,0.0,0.0,0.0
Vladimir Stojković,282,73,0,0,0,0,0,23.29787234042553,0.0,0.0,0.0,0.0,0.0
Víctor Yoshimar Yotún Flores,184,144,0,3,1,0,2,70.43478260869566,0.0,1.4673913043478262,0.48913043478260876,0.0,0.9782608695652175
Wahbi Khazri,264,81,0,12,3,0,1,27.613636363636367,0.0,4.090909090909091,1.0227272727272727,0.0,0.34090909090909094
Wilder José Cartagena Mendoza,89,4,0,0,0,0,0,4.044943820224719,0.0,0.0,0.0,0.0,0.0
Wilfredo Daniel Caballero,182,51,0,0,0,0,0,25.21978021978022,0.0,0.0,0.0,0.0,0.0
William Silva de Carvalho,375,251,0,1,2,0,2,60.239999999999995,0.0,0.24,0.48,0.0,0.48
William Troost-Ekong,282,119,0,2,3,0,5,37.97872340425532,0.0,0.6382978723404256,0.9574468085106383,0.0,1.5957446808510638
William Vitved Kvist Jørgensen,35,20,0,0,0,0,0,51.42857142857143,0.0,0.0,0.0,0.0,0.0
Willian Borges da Silva,367,197,0,5,15,0,3,48.310626702997276,0.0,1.226158038147139,3.6784741144414173,0.0,0.7356948228882835
Wojciech Szczęsny,178,42,0,0,0,0,0,21.235955056179776,0.0,0.0,0.0,0.0,0.0
Woo-Young Jung,279,60,0,3,3,0,2,19.35483870967742,0.0,0.9677419354838709,0.9677419354838709,0.0,0.6451612903225806
Wílmar Enrique Barrios Terán,301,126,0,0,3,0,3,37.67441860465116,0.0,0.0,0.8970099667774086,0.0,0.8970099667774086
Xherdan Shaqiri,361,197,0,12,14,0,3,49.11357340720222,0.0,2.9916897506925206,3.490304709141274,0.0,0.7479224376731302
Yann Sommer,378,123,0,0,0,0,0,29.285714285714285,0.0,0.0,0.0,0.0,0.0
Yannick Ferreira Carrasco,324,95,0,6,9,0,1,26.38888888888889,0.0,1.6666666666666665,2.5,0.0,0.2777777777777778
Yasir Gharsan Al Shahrani,272,213,0,5,2,0,2,70.4779411764706,0.0,1.6544117647058825,0.6617647058823529,0.0,0.6617647058823529
Yasser Abdullah Al Mosailem,91,13,0,0,0,0,0,12.857142857142858,0.0,0.0,0.0,0.0,0.0
Yassine Meriah,266,186,0,0,0,0,6,62.932330827067666,0.0,0.0,0.0,0.0,2.0300751879699246
Yehya Sulaiman Ali Al-Shehri,164,60,0,0,3,0,1,32.926829268292686,0.0,0.0,1.6463414634146343,0.0,0.5487804878048781
Yeltsin Ignacio Tejeda Valverde,96,5,0,0,0,0,0,4.6875,0.0,0.0,0.0,0.0,0.0
Yerry Fernando Mina González,304,159,0,3,1,0,4,47.07236842105263,0.0,0.8881578947368421,0.29605263157894735,0.0,1.1842105263157894
Yo-Han Go,98,3,0,0,0,0,0,2.7551020408163267,0.0,0.0,0.0,0.0,0.0
Yohan Benalouane,93,16,0,0,0,0,2,15.483870967741934,0.0,0.0,0.0,0.0,1.9354838709677418
Yong Lee,281,119,0,1,3,0,1,38.11387900355872,0.0,0.3202846975088968,0.9608540925266904,0.0,0.3202846975088968
Yoshinori Muto,81,16,0,2,2,0,1,17.77777777777778,0.0,2.2222222222222223,2.2222222222222223,0.0,1.1111111111111112
Young-Gwon Kim,284,89,0,1,2,0,2,28.204225352112676,0.0,0.31690140845070425,0.6338028169014085,0.0,0.6338028169014085
Young-Sun Yun,88,12,0,0,0,0,0,12.272727272727273,0.0,0.0,0.0,0.0,0.0
Younès Belhanda,231,113,0,6,5,0,1,44.02597402597402,0.0,2.3376623376623376,1.9480519480519478,0.0,0.3896103896103896
Youri Tielemans,354,114,0,4,2,0,2,28.98305084745763,0.0,1.0169491525423728,0.5084745762711864,0.0,0.5084745762711864
Youssef En-Nesyri,94,5,0,1,0,0,0,4.787234042553191,0.0,0.9574468085106382,0.0,0.0,0.0
Youssouf Sabaly,259,118,0,2,7,0,3,41.003861003861005,0.0,0.694980694980695,2.4324324324324325,0.0,1.0424710424710424
Yuri Zhirkov,219,106,0,2,1,0,1,43.561643835616444,0.0,0.8219178082191781,0.4109589041095891,0.0,0.4109589041095891
Yury Gazinskiy,351,126,0,2,0,0,1,32.30769230769231,0.0,0.5128205128205129,0.0,0.0,0.25641025641025644
Yussuf Yurary Poulsen,272,79,0,2,15,0,4,26.139705882352942,0.0,0.6617647058823529,4.963235294117647,0.0,1.3235294117647058
Yuto Nagatomo,371,191,0,2,3,0,4,46.334231805929925,0.0,0.4851752021563343,0.7277628032345014,0.0,0.9703504043126686
Yūya Ōsako,356,78,0,7,4,0,1,19.719101123595504,0.0,1.7696629213483146,1.0112359550561798,0.0,0.25280898876404495
Ángel Fabián Di María Hernández,239,88,0,4,8,0,0,33.13807531380753,0.0,1.5062761506276152,3.0125523012552304,0.0,0.0
Édison Michael Flores Peralta,246,104,0,5,3,0,3,38.048780487804876,0.0,1.829268292682927,1.0975609756097562,0.0,1.0975609756097562
Éver Maximiliano David Banega,275,211,0,3,7,0,3,69.05454545454546,0.0,0.9818181818181819,2.290909090909091,0.0,0.9818181818181819
Óscar Esau Duarte Gaitán,187,83,0,2,2,0,4,39.94652406417112,0.0,0.9625668449197861,0.9625668449197861,0.0,1.9251336898395721
İlkay Gündoğan,96,51,0,1,0,0,0,47.8125,0.0,0.9375,0.0,0.0,0.0
Łukasz Fabiański,88,25,0,0,0,0,0,25.56818181818182,0.0,0.0,0.0,0.0,0.0
Łukasz Piszczek,176,110,0,1,1,0,4,56.25,0.0,0.5113636363636364,0.5113636363636364,0.0,2.0454545454545454
Łukasz Teodorczyk,185,8,0,1,3,0,0,3.891891891891892,0.0,0.4864864864864865,1.4594594594594597,0.0,0.0
Šime Vrsaljko,602,374,0,5,4,0,11,55.91362126245847,0.0,0.7475083056478405,0.5980066445182725,0.0,1.6445182724252492
